osm_id,feat_type,key,value,commentary
24025702,way,last_update,5-8-2021,Feature has not been updated in 5 years or more
59189460,way,last_update,6-7-2021,Feature has not been updated in 5 years or more
136292542,way,last_update,14-1-2021,Feature has not been updated in 5 years or more
147953120,way,last_update,2-3-2021,Feature has not been updated in 5 years or more
163655059,way,last_update,6-11-2020,Feature has not been updated in 5 years or more
165066410,way,last_update,28-11-2019,Feature has not been updated in 5 years or more
169290511,way,last_update,16-8-2020,Feature has not been updated in 5 years or more
171662167,way,last_update,23-9-2020,Feature has not been updated in 5 years or more
173167966,way,last_update,25-11-2019,Feature has not been updated in 5 years or more
183206096,way,last_update,29-4-2019,Feature has not been updated in 5 years or more
183642743,way,last_update,16-5-2019,Feature has not been updated in 5 years or more
183873033,way,last_update,17-6-2019,Feature has not been updated in 5 years or more
186886053,way,last_update,21-10-2012,Feature has not been updated in 5 years or more
188378380,way,last_update,4-12-2019,Feature has not been updated in 5 years or more
196522592,way,last_update,15-12-2012,Feature has not been updated in 5 years or more
202985990,way,last_update,27-5-2021,Feature has not been updated in 5 years or more
216091534,way,last_update,13-1-2021,Feature has not been updated in 5 years or more
245341013,way,last_update,29-3-2021,Feature has not been updated in 5 years or more
248018400,way,last_update,18-5-2021,Feature has not been updated in 5 years or more
248344663,way,last_update,13-5-2021,Feature has not been updated in 5 years or more
252249962,way,last_update,30-4-2019,Feature has not been updated in 5 years or more
252782455,way,last_update,20-12-2013,Feature has not been updated in 5 years or more
252805405,way,last_update,3-2-2018,Feature has not been updated in 5 years or more
252805420,way,last_update,3-2-2018,Feature has not been updated in 5 years or more
254678162,way,last_update,13-11-2020,Feature has not been updated in 5 years or more
256054187,way,last_update,14-9-2019,Feature has not been updated in 5 years or more
259939496,way,last_update,6-7-2021,Feature has not been updated in 5 years or more
268643287,way,last_update,4-12-2019,Feature has not been updated in 5 years or more
269172390,way,last_update,26-3-2014,Feature has not been updated in 5 years or more
269172396,way,last_update,26-3-2014,Feature has not been updated in 5 years or more
269603791,way,last_update,13-5-2021,Feature has not been updated in 5 years or more
273712497,way,last_update,29-11-2019,Feature has not been updated in 5 years or more
284970402,way,last_update,29-11-2019,Feature has not been updated in 5 years or more
284970403,way,last_update,27-6-2019,Feature has not been updated in 5 years or more
284970404,way,last_update,29-4-2019,Feature has not been updated in 5 years or more
288203167,way,last_update,16-12-2020,Feature has not been updated in 5 years or more
295916834,way,last_update,18-4-2015,Feature has not been updated in 5 years or more
305393838,way,last_update,8-5-2019,Feature has not been updated in 5 years or more
323945110,way,last_update,21-2-2020,Feature has not been updated in 5 years or more
323945127,way,last_update,21-2-2020,Feature has not been updated in 5 years or more
326702778,way,last_update,29-11-2019,Feature has not been updated in 5 years or more
326702805,way,last_update,29-11-2019,Feature has not been updated in 5 years or more
331557886,way,last_update,13-5-2021,Feature has not been updated in 5 years or more
333032689,way,last_update,21-2-2020,Feature has not been updated in 5 years or more
339755015,way,last_update,28-11-2019,Feature has not been updated in 5 years or more
343655694,way,last_update,8-10-2020,Feature has not been updated in 5 years or more
343655738,way,last_update,8-5-2015,Feature has not been updated in 5 years or more
351688696,way,last_update,4-12-2019,Feature has not been updated in 5 years or more
352069075,way,last_update,27-11-2019,Feature has not been updated in 5 years or more
353262696,way,last_update,23-1-2020,Feature has not been updated in 5 years or more
368482142,way,last_update,10-8-2021,Feature has not been updated in 5 years or more
369251729,way,last_update,18-6-2021,Feature has not been updated in 5 years or more
381699156,way,last_update,18-7-2019,Feature has not been updated in 5 years or more
400162757,way,last_update,23-1-2020,Feature has not been updated in 5 years or more
403152082,way,last_update,9-11-2020,Feature has not been updated in 5 years or more
405895628,way,last_update,4-6-2021,Feature has not been updated in 5 years or more
405895785,way,last_update,4-6-2021,Feature has not been updated in 5 years or more
405898289,way,last_update,27-3-2016,Feature has not been updated in 5 years or more
405986172,way,last_update,4-6-2021,Feature has not been updated in 5 years or more
405986173,way,last_update,4-6-2021,Feature has not been updated in 5 years or more
406507640,way,last_update,25-11-2019,Feature has not been updated in 5 years or more
406645946,way,last_update,26-3-2021,Feature has not been updated in 5 years or more
416169936,way,last_update,6-5-2016,Feature has not been updated in 5 years or more
416557026,way,last_update,8-5-2016,Feature has not been updated in 5 years or more
416557027,way,last_update,8-5-2016,Feature has not been updated in 5 years or more
431233599,way,last_update,13-9-2019,Feature has not been updated in 5 years or more
432915500,way,last_update,1-2-2019,Feature has not been updated in 5 years or more
436399130,way,last_update,9-8-2016,Feature has not been updated in 5 years or more
437049640,way,last_update,28-11-2019,Feature has not been updated in 5 years or more
437049641,way,last_update,28-11-2019,Feature has not been updated in 5 years or more
437049643,way,last_update,28-11-2019,Feature has not been updated in 5 years or more
440516034,way,last_update,5-12-2019,Feature has not been updated in 5 years or more
440516035,way,last_update,5-12-2019,Feature has not been updated in 5 years or more
441745230,way,last_update,4-12-2019,Feature has not been updated in 5 years or more
441749038,way,last_update,4-12-2019,Feature has not been updated in 5 years or more
447470510,way,last_update,17-4-2019,Feature has not been updated in 5 years or more
447470511,way,last_update,17-4-2019,Feature has not been updated in 5 years or more
447470512,way,last_update,17-4-2019,Feature has not been updated in 5 years or more
447470514,way,last_update,17-4-2019,Feature has not been updated in 5 years or more
447470517,way,last_update,29-3-2021,Feature has not been updated in 5 years or more
447470518,way,last_update,31-3-2021,Feature has not been updated in 5 years or more
447470521,way,last_update,18-5-2021,Feature has not been updated in 5 years or more
448928289,way,last_update,4-6-2021,Feature has not been updated in 5 years or more
448928298,way,last_update,4-6-2021,Feature has not been updated in 5 years or more
448932944,way,last_update,30-12-2020,Feature has not been updated in 5 years or more
448932948,way,last_update,18-8-2020,Feature has not been updated in 5 years or more
459354623,way,last_update,25-1-2020,Feature has not been updated in 5 years or more
459354629,way,last_update,25-1-2020,Feature has not been updated in 5 years or more
459354650,way,last_update,25-1-2020,Feature has not been updated in 5 years or more
459354652,way,last_update,25-1-2020,Feature has not been updated in 5 years or more
462105726,way,last_update,17-11-2020,Feature has not been updated in 5 years or more
471311415,way,last_update,23-12-2019,Feature has not been updated in 5 years or more
471311478,way,last_update,4-12-2019,Feature has not been updated in 5 years or more
471311479,way,last_update,4-12-2019,Feature has not been updated in 5 years or more
491790398,way,last_update,16-5-2019,Feature has not been updated in 5 years or more
493214631,way,last_update,13-6-2019,Feature has not been updated in 5 years or more
496946285,way,last_update,14-10-2020,Feature has not been updated in 5 years or more
498023292,way,last_update,13-5-2021,Feature has not been updated in 5 years or more
498023293,way,last_update,13-5-2021,Feature has not been updated in 5 years or more
498023294,way,last_update,13-5-2021,Feature has not been updated in 5 years or more
498023298,way,last_update,13-5-2021,Feature has not been updated in 5 years or more
498023299,way,last_update,13-5-2021,Feature has not been updated in 5 years or more
498023303,way,last_update,13-5-2021,Feature has not been updated in 5 years or more
502777147,way,last_update,29-3-2021,Feature has not been updated in 5 years or more
514306978,way,last_update,23-1-2020,Feature has not been updated in 5 years or more
514306979,way,last_update,23-1-2020,Feature has not been updated in 5 years or more
520741434,way,last_update,14-4-2021,Feature has not been updated in 5 years or more
544698045,way,last_update,29-3-2021,Feature has not been updated in 5 years or more
544698047,way,last_update,29-3-2021,Feature has not been updated in 5 years or more
558204799,way,last_update,28-11-2019,Feature has not been updated in 5 years or more
579331539,way,last_update,12-10-2020,Feature has not been updated in 5 years or more
580346406,way,last_update,16-4-2018,Feature has not been updated in 5 years or more
585854485,way,last_update,4-12-2019,Feature has not been updated in 5 years or more
587713274,way,last_update,12-5-2018,Feature has not been updated in 5 years or more
587713278,way,last_update,12-5-2018,Feature has not been updated in 5 years or more
587713282,way,last_update,12-5-2018,Feature has not been updated in 5 years or more
597189182,way,last_update,12-10-2020,Feature has not been updated in 5 years or more
626282599,way,last_update,17-9-2018,Feature has not been updated in 5 years or more
626282605,way,last_update,17-9-2018,Feature has not been updated in 5 years or more
626282624,way,last_update,17-9-2018,Feature has not been updated in 5 years or more
626282644,way,last_update,23-6-2021,Feature has not been updated in 5 years or more
626282647,way,last_update,23-6-2021,Feature has not been updated in 5 years or more
626282651,way,last_update,17-9-2018,Feature has not been updated in 5 years or more
626282654,way,last_update,23-6-2021,Feature has not been updated in 5 years or more
627095692,way,last_update,11-5-2021,Feature has not been updated in 5 years or more
641007922,way,last_update,17-3-2021,Feature has not been updated in 5 years or more
655520077,way,last_update,6-7-2021,Feature has not been updated in 5 years or more
663146227,way,last_update,29-6-2021,Feature has not been updated in 5 years or more
663179504,way,last_update,29-6-2021,Feature has not been updated in 5 years or more
663212323,way,last_update,14-1-2019,Feature has not been updated in 5 years or more
663249954,way,last_update,14-1-2019,Feature has not been updated in 5 years or more
663249962,way,last_update,28-6-2019,Feature has not been updated in 5 years or more
663506650,way,last_update,15-1-2019,Feature has not been updated in 5 years or more
664456187,way,last_update,28-8-2019,Feature has not been updated in 5 years or more
664456192,way,last_update,18-1-2019,Feature has not been updated in 5 years or more
664459705,way,last_update,18-1-2019,Feature has not been updated in 5 years or more
667699950,way,last_update,29-6-2021,Feature has not been updated in 5 years or more
667705382,way,last_update,7-2-2019,Feature has not been updated in 5 years or more
667705384,way,last_update,1-2-2019,Feature has not been updated in 5 years or more
667705646,way,last_update,1-2-2019,Feature has not been updated in 5 years or more
667709354,way,last_update,1-2-2019,Feature has not been updated in 5 years or more
667709357,way,last_update,1-2-2019,Feature has not been updated in 5 years or more
667709359,way,last_update,1-2-2019,Feature has not been updated in 5 years or more
667709362,way,last_update,13-2-2019,Feature has not been updated in 5 years or more
667710964,way,last_update,1-2-2019,Feature has not been updated in 5 years or more
667711836,way,last_update,1-2-2019,Feature has not been updated in 5 years or more
667711839,way,last_update,1-2-2019,Feature has not been updated in 5 years or more
668466858,way,last_update,5-2-2019,Feature has not been updated in 5 years or more
668478924,way,last_update,29-6-2021,Feature has not been updated in 5 years or more
669158568,way,last_update,8-2-2019,Feature has not been updated in 5 years or more
669998448,way,last_update,12-2-2019,Feature has not been updated in 5 years or more
670426184,way,last_update,14-2-2019,Feature has not been updated in 5 years or more
670445362,way,last_update,14-2-2019,Feature has not been updated in 5 years or more
670480315,way,last_update,14-2-2019,Feature has not been updated in 5 years or more
672047630,way,last_update,22-2-2019,Feature has not been updated in 5 years or more
672310057,way,last_update,22-2-2019,Feature has not been updated in 5 years or more
672310058,way,last_update,22-2-2019,Feature has not been updated in 5 years or more
675494979,way,last_update,21-2-2021,Feature has not been updated in 5 years or more
677697472,way,last_update,3-12-2019,Feature has not been updated in 5 years or more
683799547,way,last_update,19-5-2021,Feature has not been updated in 5 years or more
683893013,way,last_update,15-4-2019,Feature has not been updated in 5 years or more
683893014,way,last_update,15-4-2019,Feature has not been updated in 5 years or more
684104232,way,last_update,16-4-2019,Feature has not been updated in 5 years or more
684105440,way,last_update,16-4-2019,Feature has not been updated in 5 years or more
684113922,way,last_update,29-3-2021,Feature has not been updated in 5 years or more
684120932,way,last_update,26-3-2021,Feature has not been updated in 5 years or more
684120933,way,last_update,16-4-2019,Feature has not been updated in 5 years or more
684121191,way,last_update,16-4-2019,Feature has not been updated in 5 years or more
684127643,way,last_update,29-3-2021,Feature has not been updated in 5 years or more
684127653,way,last_update,26-3-2021,Feature has not been updated in 5 years or more
684127655,way,last_update,26-3-2021,Feature has not been updated in 5 years or more
684127659,way,last_update,18-5-2021,Feature has not been updated in 5 years or more
684129844,way,last_update,16-4-2019,Feature has not been updated in 5 years or more
684314197,way,last_update,26-6-2019,Feature has not been updated in 5 years or more
684318548,way,last_update,26-3-2021,Feature has not been updated in 5 years or more
684318549,way,last_update,29-3-2021,Feature has not been updated in 5 years or more
684343531,way,last_update,29-3-2021,Feature has not been updated in 5 years or more
684343533,way,last_update,17-4-2019,Feature has not been updated in 5 years or more
684343534,way,last_update,17-4-2019,Feature has not been updated in 5 years or more
684345642,way,last_update,17-4-2019,Feature has not been updated in 5 years or more
684345643,way,last_update,31-3-2021,Feature has not been updated in 5 years or more
684346745,way,last_update,17-4-2019,Feature has not been updated in 5 years or more
684351018,way,last_update,17-5-2021,Feature has not been updated in 5 years or more
684361512,way,last_update,18-4-2019,Feature has not been updated in 5 years or more
684584708,way,last_update,26-3-2021,Feature has not been updated in 5 years or more
684586730,way,last_update,18-4-2019,Feature has not been updated in 5 years or more
684586731,way,last_update,26-3-2021,Feature has not been updated in 5 years or more
684588469,way,last_update,18-4-2019,Feature has not been updated in 5 years or more
684588470,way,last_update,26-3-2021,Feature has not been updated in 5 years or more
684741686,way,last_update,4-12-2019,Feature has not been updated in 5 years or more
685372792,way,last_update,16-9-2019,Feature has not been updated in 5 years or more
685375355,way,last_update,23-4-2019,Feature has not been updated in 5 years or more
685386579,way,last_update,2-8-2021,Feature has not been updated in 5 years or more
685406396,way,last_update,23-4-2019,Feature has not been updated in 5 years or more
685580219,way,last_update,21-2-2020,Feature has not been updated in 5 years or more
685580222,way,last_update,19-9-2019,Feature has not been updated in 5 years or more
685586693,way,last_update,21-2-2020,Feature has not been updated in 5 years or more
685588011,way,last_update,24-4-2019,Feature has not been updated in 5 years or more
685600447,way,last_update,1-12-2020,Feature has not been updated in 5 years or more
685609560,way,last_update,24-1-2021,Feature has not been updated in 5 years or more
686604113,way,last_update,29-4-2019,Feature has not been updated in 5 years or more
686611086,way,last_update,29-4-2019,Feature has not been updated in 5 years or more
686613292,way,last_update,29-4-2019,Feature has not been updated in 5 years or more
686615756,way,last_update,29-4-2019,Feature has not been updated in 5 years or more
686814171,way,last_update,25-6-2019,Feature has not been updated in 5 years or more
686849868,way,last_update,18-1-2020,Feature has not been updated in 5 years or more
686890131,way,last_update,30-4-2019,Feature has not been updated in 5 years or more
686890132,way,last_update,30-4-2019,Feature has not been updated in 5 years or more
686890133,way,last_update,30-4-2019,Feature has not been updated in 5 years or more
686890134,way,last_update,30-4-2019,Feature has not been updated in 5 years or more
686890136,way,last_update,30-4-2019,Feature has not been updated in 5 years or more
686890137,way,last_update,30-4-2019,Feature has not been updated in 5 years or more
686890138,way,last_update,30-4-2019,Feature has not been updated in 5 years or more
686890140,way,last_update,30-4-2019,Feature has not been updated in 5 years or more
686890141,way,last_update,30-4-2019,Feature has not been updated in 5 years or more
686890142,way,last_update,30-4-2019,Feature has not been updated in 5 years or more
686919332,way,last_update,30-4-2019,Feature has not been updated in 5 years or more
686919334,way,last_update,21-2-2021,Feature has not been updated in 5 years or more
686919525,way,last_update,30-4-2019,Feature has not been updated in 5 years or more
687303635,way,last_update,3-8-2021,Feature has not been updated in 5 years or more
687377673,way,last_update,2-5-2019,Feature has not been updated in 5 years or more
687377674,way,last_update,2-5-2019,Feature has not been updated in 5 years or more
687528450,way,last_update,26-1-2020,Feature has not been updated in 5 years or more
687542377,way,last_update,1-8-2020,Feature has not been updated in 5 years or more
687543982,way,last_update,26-1-2020,Feature has not been updated in 5 years or more
687551122,way,last_update,3-5-2019,Feature has not been updated in 5 years or more
687582569,way,last_update,3-5-2019,Feature has not been updated in 5 years or more
688107426,way,last_update,28-6-2019,Feature has not been updated in 5 years or more
688149798,way,last_update,15-5-2019,Feature has not been updated in 5 years or more
688328754,way,last_update,7-5-2019,Feature has not been updated in 5 years or more
688343349,way,last_update,16-9-2019,Feature has not been updated in 5 years or more
688590349,way,last_update,27-6-2021,Feature has not been updated in 5 years or more
688596088,way,last_update,8-5-2019,Feature has not been updated in 5 years or more
688601629,way,last_update,8-5-2019,Feature has not been updated in 5 years or more
688625446,way,last_update,8-5-2019,Feature has not been updated in 5 years or more
688625447,way,last_update,8-5-2019,Feature has not been updated in 5 years or more
688943995,way,last_update,29-11-2019,Feature has not been updated in 5 years or more
688944028,way,last_update,9-5-2019,Feature has not been updated in 5 years or more
688944030,way,last_update,9-5-2019,Feature has not been updated in 5 years or more
688944031,way,last_update,9-5-2019,Feature has not been updated in 5 years or more
688944032,way,last_update,9-5-2019,Feature has not been updated in 5 years or more
688944033,way,last_update,9-5-2019,Feature has not been updated in 5 years or more
688944034,way,last_update,28-11-2019,Feature has not been updated in 5 years or more
690149868,way,last_update,16-9-2019,Feature has not been updated in 5 years or more
690154675,way,last_update,15-5-2019,Feature has not been updated in 5 years or more
690154680,way,last_update,15-5-2019,Feature has not been updated in 5 years or more
691188123,way,last_update,24-8-2021,Feature has not been updated in 5 years or more
691195464,way,last_update,20-5-2019,Feature has not been updated in 5 years or more
691197645,way,last_update,20-5-2019,Feature has not been updated in 5 years or more
691197647,way,last_update,20-5-2019,Feature has not been updated in 5 years or more
691612046,way,last_update,22-5-2019,Feature has not been updated in 5 years or more
691915756,way,last_update,19-9-2019,Feature has not been updated in 5 years or more
692171059,way,last_update,26-1-2020,Feature has not been updated in 5 years or more
692171060,way,last_update,26-1-2020,Feature has not been updated in 5 years or more
692171360,way,last_update,26-1-2020,Feature has not been updated in 5 years or more
692179394,way,last_update,8-8-2021,Feature has not been updated in 5 years or more
692179395,way,last_update,8-8-2021,Feature has not been updated in 5 years or more
692183307,way,last_update,16-9-2019,Feature has not been updated in 5 years or more
692954259,way,last_update,25-8-2021,Feature has not been updated in 5 years or more
692974184,way,last_update,28-5-2019,Feature has not been updated in 5 years or more
692974188,way,last_update,28-5-2019,Feature has not been updated in 5 years or more
693479253,way,last_update,29-11-2019,Feature has not been updated in 5 years or more
693489165,way,last_update,30-5-2019,Feature has not been updated in 5 years or more
693495269,way,last_update,30-5-2019,Feature has not been updated in 5 years or more
694140692,way,last_update,19-8-2020,Feature has not been updated in 5 years or more
694595273,way,last_update,11-8-2020,Feature has not been updated in 5 years or more
694595274,way,last_update,18-8-2020,Feature has not been updated in 5 years or more
696356943,way,last_update,25-6-2019,Feature has not been updated in 5 years or more
696609836,way,last_update,12-6-2019,Feature has not been updated in 5 years or more
696609837,way,last_update,12-6-2019,Feature has not been updated in 5 years or more
696849973,way,last_update,25-6-2019,Feature has not been updated in 5 years or more
697702844,way,last_update,23-12-2019,Feature has not been updated in 5 years or more
697804880,way,last_update,17-6-2019,Feature has not been updated in 5 years or more
697806605,way,last_update,17-6-2019,Feature has not been updated in 5 years or more
697982681,way,last_update,18-6-2019,Feature has not been updated in 5 years or more
698016256,way,last_update,18-6-2019,Feature has not been updated in 5 years or more
698851335,way,last_update,18-9-2019,Feature has not been updated in 5 years or more
698866875,way,last_update,23-8-2020,Feature has not been updated in 5 years or more
698869009,way,last_update,21-6-2019,Feature has not been updated in 5 years or more
699683479,way,last_update,25-6-2019,Feature has not been updated in 5 years or more
699685814,way,last_update,25-6-2019,Feature has not been updated in 5 years or more
699689574,way,last_update,25-6-2019,Feature has not been updated in 5 years or more
699689576,way,last_update,25-6-2019,Feature has not been updated in 5 years or more
699689577,way,last_update,25-6-2019,Feature has not been updated in 5 years or more
699689578,way,last_update,25-6-2019,Feature has not been updated in 5 years or more
699689579,way,last_update,25-6-2019,Feature has not been updated in 5 years or more
699689585,way,last_update,25-6-2019,Feature has not been updated in 5 years or more
699689586,way,last_update,25-6-2019,Feature has not been updated in 5 years or more
699689863,way,last_update,25-6-2019,Feature has not been updated in 5 years or more
699693713,way,last_update,25-6-2019,Feature has not been updated in 5 years or more
699840483,way,last_update,26-6-2019,Feature has not been updated in 5 years or more
699841079,way,last_update,26-6-2019,Feature has not been updated in 5 years or more
699841690,way,last_update,26-6-2019,Feature has not been updated in 5 years or more
699841691,way,last_update,26-6-2019,Feature has not been updated in 5 years or more
699843209,way,last_update,26-6-2019,Feature has not been updated in 5 years or more
699851243,way,last_update,26-6-2019,Feature has not been updated in 5 years or more
699851245,way,last_update,26-6-2019,Feature has not been updated in 5 years or more
699854132,way,last_update,26-6-2019,Feature has not been updated in 5 years or more
699855112,way,last_update,23-12-2019,Feature has not been updated in 5 years or more
699862597,way,last_update,26-6-2019,Feature has not been updated in 5 years or more
699914417,way,last_update,28-11-2019,Feature has not been updated in 5 years or more
700068856,way,last_update,27-6-2019,Feature has not been updated in 5 years or more
700073966,way,last_update,4-12-2019,Feature has not been updated in 5 years or more
700279222,way,last_update,28-6-2019,Feature has not been updated in 5 years or more
700280307,way,last_update,28-6-2019,Feature has not been updated in 5 years or more
700280308,way,last_update,28-6-2019,Feature has not been updated in 5 years or more
700280310,way,last_update,28-6-2019,Feature has not been updated in 5 years or more
700295344,way,last_update,28-6-2019,Feature has not been updated in 5 years or more
700433221,way,last_update,28-6-2019,Feature has not been updated in 5 years or more
705605435,way,last_update,18-7-2019,Feature has not been updated in 5 years or more
705605437,way,last_update,18-7-2019,Feature has not been updated in 5 years or more
705605438,way,last_update,18-7-2019,Feature has not been updated in 5 years or more
725045840,way,last_update,5-1-2020,Feature has not been updated in 5 years or more
725045909,way,last_update,16-9-2019,Feature has not been updated in 5 years or more
725045912,way,last_update,16-9-2019,Feature has not been updated in 5 years or more
725045924,way,last_update,19-9-2019,Feature has not been updated in 5 years or more
725066395,way,last_update,16-9-2019,Feature has not been updated in 5 years or more
725066414,way,last_update,16-9-2019,Feature has not been updated in 5 years or more
725074427,way,last_update,16-9-2019,Feature has not been updated in 5 years or more
725074430,way,last_update,16-9-2019,Feature has not been updated in 5 years or more
725088697,way,last_update,5-1-2020,Feature has not been updated in 5 years or more
725088703,way,last_update,3-3-2021,Feature has not been updated in 5 years or more
725088707,way,last_update,25-11-2019,Feature has not been updated in 5 years or more
725088708,way,last_update,18-9-2019,Feature has not been updated in 5 years or more
725088712,way,last_update,16-9-2019,Feature has not been updated in 5 years or more
725088713,way,last_update,16-9-2019,Feature has not been updated in 5 years or more
725088714,way,last_update,16-9-2019,Feature has not been updated in 5 years or more
725088716,way,last_update,16-7-2021,Feature has not been updated in 5 years or more
725088721,way,last_update,16-9-2019,Feature has not been updated in 5 years or more
725088769,way,last_update,16-7-2021,Feature has not been updated in 5 years or more
725879404,way,last_update,18-9-2019,Feature has not been updated in 5 years or more
726098783,way,last_update,1-12-2020,Feature has not been updated in 5 years or more
726098784,way,last_update,26-1-2020,Feature has not been updated in 5 years or more
726105725,way,last_update,19-9-2019,Feature has not been updated in 5 years or more
726105729,way,last_update,19-9-2019,Feature has not been updated in 5 years or more
726105730,way,last_update,19-9-2019,Feature has not been updated in 5 years or more
729393241,way,last_update,21-2-2021,Feature has not been updated in 5 years or more
731895689,way,last_update,22-8-2021,Feature has not been updated in 5 years or more
749381012,way,last_update,2-12-2020,Feature has not been updated in 5 years or more
749402056,way,last_update,25-11-2019,Feature has not been updated in 5 years or more
749418735,way,last_update,25-11-2019,Feature has not been updated in 5 years or more
749418736,way,last_update,25-11-2019,Feature has not been updated in 5 years or more
749418740,way,last_update,25-11-2019,Feature has not been updated in 5 years or more
749454441,way,last_update,25-11-2019,Feature has not been updated in 5 years or more
749492236,way,last_update,25-11-2019,Feature has not been updated in 5 years or more
749492237,way,last_update,25-11-2019,Feature has not been updated in 5 years or more
749718636,way,last_update,26-11-2019,Feature has not been updated in 5 years or more
749735411,way,last_update,26-11-2019,Feature has not been updated in 5 years or more
749738685,way,last_update,26-11-2019,Feature has not been updated in 5 years or more
749804647,way,last_update,26-11-2019,Feature has not been updated in 5 years or more
749808210,way,last_update,26-11-2019,Feature has not been updated in 5 years or more
749808211,way,last_update,26-11-2019,Feature has not been updated in 5 years or more
749824119,way,last_update,26-11-2019,Feature has not been updated in 5 years or more
750037327,way,last_update,27-11-2019,Feature has not been updated in 5 years or more
750037328,way,last_update,27-11-2019,Feature has not been updated in 5 years or more
750038607,way,last_update,27-11-2019,Feature has not been updated in 5 years or more
750106468,way,last_update,27-11-2019,Feature has not been updated in 5 years or more
750111874,way,last_update,27-11-2019,Feature has not been updated in 5 years or more
750112638,way,last_update,27-11-2019,Feature has not been updated in 5 years or more
750132177,way,last_update,27-11-2019,Feature has not been updated in 5 years or more
750186739,way,last_update,27-11-2019,Feature has not been updated in 5 years or more
750514770,way,last_update,28-11-2019,Feature has not been updated in 5 years or more
750547137,way,last_update,28-11-2019,Feature has not been updated in 5 years or more
750552430,way,last_update,28-11-2019,Feature has not been updated in 5 years or more
750559347,way,last_update,28-11-2019,Feature has not been updated in 5 years or more
750684330,way,last_update,29-11-2019,Feature has not been updated in 5 years or more
750688977,way,last_update,29-11-2019,Feature has not been updated in 5 years or more
750692292,way,last_update,29-11-2019,Feature has not been updated in 5 years or more
750705120,way,last_update,29-11-2019,Feature has not been updated in 5 years or more
750705121,way,last_update,29-11-2019,Feature has not been updated in 5 years or more
750706247,way,last_update,29-11-2019,Feature has not been updated in 5 years or more
750706248,way,last_update,29-11-2019,Feature has not been updated in 5 years or more
750719227,way,last_update,29-11-2019,Feature has not been updated in 5 years or more
750719228,way,last_update,29-11-2019,Feature has not been updated in 5 years or more
750731744,way,last_update,29-11-2019,Feature has not been updated in 5 years or more
750731745,way,last_update,29-11-2019,Feature has not been updated in 5 years or more
750731747,way,last_update,29-11-2019,Feature has not been updated in 5 years or more
750731748,way,last_update,29-11-2019,Feature has not been updated in 5 years or more
750731753,way,last_update,29-11-2019,Feature has not been updated in 5 years or more
750731754,way,last_update,2-12-2020,Feature has not been updated in 5 years or more
750731755,way,last_update,2-12-2020,Feature has not been updated in 5 years or more
750731756,way,last_update,16-5-2021,Feature has not been updated in 5 years or more
750733885,way,last_update,29-11-2019,Feature has not been updated in 5 years or more
750733886,way,last_update,29-11-2019,Feature has not been updated in 5 years or more
750737146,way,last_update,29-11-2019,Feature has not been updated in 5 years or more
750756128,way,last_update,29-11-2019,Feature has not been updated in 5 years or more
750788343,way,last_update,29-11-2019,Feature has not been updated in 5 years or more
751325906,way,last_update,1-12-2019,Feature has not been updated in 5 years or more
751325909,way,last_update,1-12-2019,Feature has not been updated in 5 years or more
751332200,way,last_update,1-12-2019,Feature has not been updated in 5 years or more
751347037,way,last_update,1-12-2019,Feature has not been updated in 5 years or more
751350704,way,last_update,1-12-2019,Feature has not been updated in 5 years or more
751352106,way,last_update,1-12-2019,Feature has not been updated in 5 years or more
751352107,way,last_update,1-12-2019,Feature has not been updated in 5 years or more
751510740,way,last_update,2-12-2019,Feature has not been updated in 5 years or more
751510741,way,last_update,2-12-2019,Feature has not been updated in 5 years or more
751517025,way,last_update,2-12-2019,Feature has not been updated in 5 years or more
751517026,way,last_update,2-12-2019,Feature has not been updated in 5 years or more
751517027,way,last_update,2-12-2019,Feature has not been updated in 5 years or more
751517029,way,last_update,2-12-2019,Feature has not been updated in 5 years or more
751521265,way,last_update,2-12-2019,Feature has not been updated in 5 years or more
751574578,way,last_update,2-12-2019,Feature has not been updated in 5 years or more
751578367,way,last_update,2-12-2019,Feature has not been updated in 5 years or more
751642117,way,last_update,2-12-2019,Feature has not been updated in 5 years or more
751646563,way,last_update,2-12-2019,Feature has not been updated in 5 years or more
751646564,way,last_update,2-12-2019,Feature has not been updated in 5 years or more
751813836,way,last_update,3-12-2019,Feature has not been updated in 5 years or more
751880512,way,last_update,3-12-2019,Feature has not been updated in 5 years or more
751891068,way,last_update,3-12-2019,Feature has not been updated in 5 years or more
751891069,way,last_update,20-1-2020,Feature has not been updated in 5 years or more
751901100,way,last_update,3-12-2019,Feature has not been updated in 5 years or more
751901101,way,last_update,3-12-2019,Feature has not been updated in 5 years or more
751904433,way,last_update,3-12-2019,Feature has not been updated in 5 years or more
751904434,way,last_update,3-12-2019,Feature has not been updated in 5 years or more
751904435,way,last_update,3-12-2019,Feature has not been updated in 5 years or more
751904436,way,last_update,3-12-2019,Feature has not been updated in 5 years or more
751917670,way,last_update,3-12-2019,Feature has not been updated in 5 years or more
751917671,way,last_update,3-12-2019,Feature has not been updated in 5 years or more
751917672,way,last_update,20-1-2020,Feature has not been updated in 5 years or more
751927995,way,last_update,3-12-2019,Feature has not been updated in 5 years or more
751927996,way,last_update,3-12-2019,Feature has not been updated in 5 years or more
751957429,way,last_update,3-12-2019,Feature has not been updated in 5 years or more
752177067,way,last_update,4-12-2019,Feature has not been updated in 5 years or more
752181201,way,last_update,4-12-2019,Feature has not been updated in 5 years or more
752185679,way,last_update,4-12-2019,Feature has not been updated in 5 years or more
752229155,way,last_update,4-12-2019,Feature has not been updated in 5 years or more
752252964,way,last_update,4-12-2019,Feature has not been updated in 5 years or more
752252966,way,last_update,4-12-2019,Feature has not been updated in 5 years or more
752271657,way,last_update,4-12-2019,Feature has not been updated in 5 years or more
752284563,way,last_update,4-12-2019,Feature has not been updated in 5 years or more
752284564,way,last_update,4-12-2019,Feature has not been updated in 5 years or more
752284565,way,last_update,4-12-2019,Feature has not been updated in 5 years or more
752286990,way,last_update,4-12-2019,Feature has not been updated in 5 years or more
752286991,way,last_update,4-12-2019,Feature has not been updated in 5 years or more
752289583,way,last_update,4-12-2019,Feature has not been updated in 5 years or more
752289585,way,last_update,4-12-2019,Feature has not been updated in 5 years or more
752371330,way,last_update,4-12-2019,Feature has not been updated in 5 years or more
752371333,way,last_update,4-12-2019,Feature has not been updated in 5 years or more
752390282,way,last_update,4-12-2019,Feature has not been updated in 5 years or more
752515436,way,last_update,4-12-2019,Feature has not been updated in 5 years or more
752515437,way,last_update,4-12-2019,Feature has not been updated in 5 years or more
752630617,way,last_update,4-12-2019,Feature has not been updated in 5 years or more
752644175,way,last_update,4-12-2019,Feature has not been updated in 5 years or more
752644177,way,last_update,4-12-2019,Feature has not been updated in 5 years or more
752656493,way,last_update,4-12-2019,Feature has not been updated in 5 years or more
752660582,way,last_update,4-12-2019,Feature has not been updated in 5 years or more
752669935,way,last_update,4-12-2019,Feature has not been updated in 5 years or more
752698875,way,last_update,4-12-2019,Feature has not been updated in 5 years or more
752966524,way,last_update,5-12-2019,Feature has not been updated in 5 years or more
752966525,way,last_update,5-12-2019,Feature has not been updated in 5 years or more
752966526,way,last_update,5-12-2019,Feature has not been updated in 5 years or more
752966527,way,last_update,5-12-2019,Feature has not been updated in 5 years or more
752966528,way,last_update,5-12-2019,Feature has not been updated in 5 years or more
752966529,way,last_update,5-12-2019,Feature has not been updated in 5 years or more
752966530,way,last_update,5-12-2019,Feature has not been updated in 5 years or more
752966531,way,last_update,5-12-2019,Feature has not been updated in 5 years or more
752972178,way,last_update,5-12-2019,Feature has not been updated in 5 years or more
755858289,way,last_update,16-12-2019,Feature has not been updated in 5 years or more
755858290,way,last_update,16-12-2019,Feature has not been updated in 5 years or more
755858294,way,last_update,1-5-2021,Feature has not been updated in 5 years or more
755858297,way,last_update,1-5-2021,Feature has not been updated in 5 years or more
755858299,way,last_update,1-5-2021,Feature has not been updated in 5 years or more
755861239,way,last_update,16-12-2019,Feature has not been updated in 5 years or more
755861240,way,last_update,16-12-2019,Feature has not been updated in 5 years or more
755861241,way,last_update,15-9-2020,Feature has not been updated in 5 years or more
755861242,way,last_update,1-5-2021,Feature has not been updated in 5 years or more
755862100,way,last_update,16-12-2019,Feature has not been updated in 5 years or more
755862584,way,last_update,16-12-2019,Feature has not been updated in 5 years or more
755862585,way,last_update,16-12-2019,Feature has not been updated in 5 years or more
755862940,way,last_update,16-12-2019,Feature has not been updated in 5 years or more
755863533,way,last_update,16-12-2019,Feature has not been updated in 5 years or more
755866297,way,last_update,16-12-2019,Feature has not been updated in 5 years or more
758035526,way,last_update,21-10-2020,Feature has not been updated in 5 years or more
758195244,way,last_update,23-12-2019,Feature has not been updated in 5 years or more
758195245,way,last_update,23-12-2019,Feature has not been updated in 5 years or more
758195247,way,last_update,23-12-2019,Feature has not been updated in 5 years or more
758195250,way,last_update,23-12-2019,Feature has not been updated in 5 years or more
758200127,way,last_update,23-12-2019,Feature has not been updated in 5 years or more
758200129,way,last_update,23-12-2019,Feature has not been updated in 5 years or more
758200130,way,last_update,23-12-2019,Feature has not been updated in 5 years or more
758200131,way,last_update,23-12-2019,Feature has not been updated in 5 years or more
758200132,way,last_update,23-12-2019,Feature has not been updated in 5 years or more
758200136,way,last_update,23-12-2019,Feature has not been updated in 5 years or more
758207570,way,last_update,23-12-2019,Feature has not been updated in 5 years or more
758207575,way,last_update,23-12-2019,Feature has not been updated in 5 years or more
758207576,way,last_update,23-12-2019,Feature has not been updated in 5 years or more
758207577,way,last_update,23-12-2019,Feature has not been updated in 5 years or more
758208716,way,last_update,23-12-2019,Feature has not been updated in 5 years or more
758208718,way,last_update,23-12-2019,Feature has not been updated in 5 years or more
758208721,way,last_update,23-12-2019,Feature has not been updated in 5 years or more
758209119,way,last_update,29-6-2021,Feature has not been updated in 5 years or more
758209120,way,last_update,29-6-2021,Feature has not been updated in 5 years or more
758209271,way,last_update,23-12-2019,Feature has not been updated in 5 years or more
758211622,way,last_update,23-12-2019,Feature has not been updated in 5 years or more
758213887,way,last_update,23-12-2019,Feature has not been updated in 5 years or more
758213888,way,last_update,23-12-2019,Feature has not been updated in 5 years or more
758214113,way,last_update,23-12-2019,Feature has not been updated in 5 years or more
761209025,way,last_update,20-9-2020,Feature has not been updated in 5 years or more
765930656,way,last_update,23-1-2020,Feature has not been updated in 5 years or more
765936723,way,last_update,23-1-2020,Feature has not been updated in 5 years or more
765936725,way,last_update,23-1-2020,Feature has not been updated in 5 years or more
765955054,way,last_update,23-1-2020,Feature has not been updated in 5 years or more
765959607,way,last_update,23-1-2020,Feature has not been updated in 5 years or more
765962254,way,last_update,23-1-2020,Feature has not been updated in 5 years or more
765962866,way,last_update,23-1-2020,Feature has not been updated in 5 years or more
765985636,way,last_update,23-1-2020,Feature has not been updated in 5 years or more
769407429,way,last_update,3-2-2020,Feature has not been updated in 5 years or more
769407430,way,last_update,3-2-2020,Feature has not been updated in 5 years or more
769407432,way,last_update,3-2-2020,Feature has not been updated in 5 years or more
831201762,way,last_update,28-7-2020,Feature has not been updated in 5 years or more
831201766,way,last_update,19-8-2021,Feature has not been updated in 5 years or more
831201775,way,last_update,19-8-2021,Feature has not been updated in 5 years or more
831240007,way,last_update,19-8-2021,Feature has not been updated in 5 years or more
831240008,way,last_update,19-8-2021,Feature has not been updated in 5 years or more
833941574,way,last_update,16-10-2020,Feature has not been updated in 5 years or more
835240900,way,last_update,8-8-2020,Feature has not been updated in 5 years or more
836203015,way,last_update,20-9-2020,Feature has not been updated in 5 years or more
837542647,way,last_update,16-8-2020,Feature has not been updated in 5 years or more
837542661,way,last_update,16-8-2020,Feature has not been updated in 5 years or more
837573490,way,last_update,16-8-2020,Feature has not been updated in 5 years or more
837638143,way,last_update,16-8-2020,Feature has not been updated in 5 years or more
838296738,way,last_update,18-8-2020,Feature has not been updated in 5 years or more
838569717,way,last_update,1-9-2020,Feature has not been updated in 5 years or more
838813175,way,last_update,20-7-2021,Feature has not been updated in 5 years or more
840219008,way,last_update,24-8-2020,Feature has not been updated in 5 years or more
840219017,way,last_update,8-12-2020,Feature has not been updated in 5 years or more
840219027,way,last_update,24-9-2020,Feature has not been updated in 5 years or more
840463785,way,last_update,16-10-2020,Feature has not been updated in 5 years or more
840463787,way,last_update,24-9-2020,Feature has not been updated in 5 years or more
841860144,way,last_update,1-9-2020,Feature has not been updated in 5 years or more
843900570,way,last_update,3-9-2020,Feature has not been updated in 5 years or more
843900571,way,last_update,3-9-2020,Feature has not been updated in 5 years or more
844065350,way,last_update,30-4-2021,Feature has not been updated in 5 years or more
845987186,way,last_update,23-8-2021,Feature has not been updated in 5 years or more
847911692,way,last_update,23-8-2021,Feature has not been updated in 5 years or more
847997831,way,last_update,16-9-2020,Feature has not been updated in 5 years or more
847997832,way,last_update,23-8-2021,Feature has not been updated in 5 years or more
847997833,way,last_update,23-8-2021,Feature has not been updated in 5 years or more
847997835,way,last_update,23-8-2021,Feature has not been updated in 5 years or more
847997836,way,last_update,23-8-2021,Feature has not been updated in 5 years or more
847997837,way,last_update,23-8-2021,Feature has not been updated in 5 years or more
848021685,way,last_update,13-1-2021,Feature has not been updated in 5 years or more
848033128,way,last_update,16-9-2020,Feature has not been updated in 5 years or more
849495404,way,last_update,9-11-2020,Feature has not been updated in 5 years or more
849729000,way,last_update,3-10-2020,Feature has not been updated in 5 years or more
850055240,way,last_update,22-9-2020,Feature has not been updated in 5 years or more
850055242,way,last_update,22-9-2020,Feature has not been updated in 5 years or more
850055247,way,last_update,23-8-2021,Feature has not been updated in 5 years or more
852455947,way,last_update,13-1-2021,Feature has not been updated in 5 years or more
852463846,way,last_update,28-9-2020,Feature has not been updated in 5 years or more
853243985,way,last_update,30-9-2020,Feature has not been updated in 5 years or more
853315242,way,last_update,2-11-2020,Feature has not been updated in 5 years or more
854025057,way,last_update,1-10-2020,Feature has not been updated in 5 years or more
855352586,way,last_update,5-10-2020,Feature has not been updated in 5 years or more
855352588,way,last_update,5-10-2020,Feature has not been updated in 5 years or more
855352590,way,last_update,19-2-2021,Feature has not been updated in 5 years or more
855765083,way,last_update,6-10-2020,Feature has not been updated in 5 years or more
855765087,way,last_update,6-10-2020,Feature has not been updated in 5 years or more
855765088,way,last_update,6-10-2020,Feature has not been updated in 5 years or more
855765089,way,last_update,6-10-2020,Feature has not been updated in 5 years or more
855771105,way,last_update,20-7-2021,Feature has not been updated in 5 years or more
857240485,way,last_update,29-10-2020,Feature has not been updated in 5 years or more
858205398,way,last_update,19-8-2021,Feature has not been updated in 5 years or more
858205399,way,last_update,4-2-2021,Feature has not been updated in 5 years or more
858213754,way,last_update,12-10-2020,Feature has not been updated in 5 years or more
858213757,way,last_update,12-10-2020,Feature has not been updated in 5 years or more
858213759,way,last_update,29-10-2020,Feature has not been updated in 5 years or more
858289443,way,last_update,12-10-2020,Feature has not been updated in 5 years or more
858289444,way,last_update,30-4-2021,Feature has not been updated in 5 years or more
858289446,way,last_update,12-10-2020,Feature has not been updated in 5 years or more
859263930,way,last_update,15-10-2020,Feature has not been updated in 5 years or more
859694082,way,last_update,9-7-2021,Feature has not been updated in 5 years or more
860579024,way,last_update,19-10-2020,Feature has not been updated in 5 years or more
862078783,way,last_update,21-10-2020,Feature has not been updated in 5 years or more
862361589,way,last_update,20-5-2021,Feature has not been updated in 5 years or more
863247321,way,last_update,24-10-2020,Feature has not been updated in 5 years or more
863400053,way,last_update,24-10-2020,Feature has not been updated in 5 years or more
863847044,way,last_update,26-10-2020,Feature has not been updated in 5 years or more
863847045,way,last_update,11-7-2021,Feature has not been updated in 5 years or more
863847048,way,last_update,26-10-2020,Feature has not been updated in 5 years or more
863847060,way,last_update,20-7-2021,Feature has not been updated in 5 years or more
863847062,way,last_update,26-10-2020,Feature has not been updated in 5 years or more
864158022,way,last_update,11-7-2021,Feature has not been updated in 5 years or more
864963487,way,last_update,23-8-2021,Feature has not been updated in 5 years or more
864967240,way,last_update,29-10-2020,Feature has not been updated in 5 years or more
864977430,way,last_update,23-8-2021,Feature has not been updated in 5 years or more
864977433,way,last_update,29-10-2020,Feature has not been updated in 5 years or more
864977435,way,last_update,23-8-2021,Feature has not been updated in 5 years or more
864977436,way,last_update,23-8-2021,Feature has not been updated in 5 years or more
865035308,way,last_update,23-8-2021,Feature has not been updated in 5 years or more
865035310,way,last_update,29-10-2020,Feature has not been updated in 5 years or more
865035313,way,last_update,23-8-2021,Feature has not been updated in 5 years or more
865035314,way,last_update,23-8-2021,Feature has not been updated in 5 years or more
865041070,way,last_update,29-10-2020,Feature has not been updated in 5 years or more
865041081,way,last_update,14-1-2021,Feature has not been updated in 5 years or more
865055553,way,last_update,13-3-2021,Feature has not been updated in 5 years or more
865396400,way,last_update,5-11-2020,Feature has not been updated in 5 years or more
865681347,way,last_update,31-10-2020,Feature has not been updated in 5 years or more
865681352,way,last_update,21-2-2021,Feature has not been updated in 5 years or more
866326933,way,last_update,2-11-2020,Feature has not been updated in 5 years or more
867024462,way,last_update,7-11-2020,Feature has not been updated in 5 years or more
867024463,way,last_update,4-11-2020,Feature has not been updated in 5 years or more
867024464,way,last_update,22-11-2020,Feature has not been updated in 5 years or more
867130307,way,last_update,24-12-2020,Feature has not been updated in 5 years or more
867130308,way,last_update,24-12-2020,Feature has not been updated in 5 years or more
867130309,way,last_update,24-12-2020,Feature has not been updated in 5 years or more
867130310,way,last_update,24-12-2020,Feature has not been updated in 5 years or more
867130311,way,last_update,24-12-2020,Feature has not been updated in 5 years or more
867130312,way,last_update,24-12-2020,Feature has not been updated in 5 years or more
867130313,way,last_update,24-12-2020,Feature has not been updated in 5 years or more
867130314,way,last_update,24-12-2020,Feature has not been updated in 5 years or more
867130315,way,last_update,4-11-2020,Feature has not been updated in 5 years or more
867130316,way,last_update,24-12-2020,Feature has not been updated in 5 years or more
867130317,way,last_update,24-12-2020,Feature has not been updated in 5 years or more
867130320,way,last_update,24-12-2020,Feature has not been updated in 5 years or more
867130324,way,last_update,4-11-2020,Feature has not been updated in 5 years or more
867130326,way,last_update,4-11-2020,Feature has not been updated in 5 years or more
867130329,way,last_update,14-1-2021,Feature has not been updated in 5 years or more
867130330,way,last_update,24-12-2020,Feature has not been updated in 5 years or more
867130332,way,last_update,24-12-2020,Feature has not been updated in 5 years or more
867324920,way,last_update,5-11-2020,Feature has not been updated in 5 years or more
867324921,way,last_update,16-11-2020,Feature has not been updated in 5 years or more
867324922,way,last_update,15-11-2020,Feature has not been updated in 5 years or more
867488022,way,last_update,24-12-2020,Feature has not been updated in 5 years or more
867488029,way,last_update,5-11-2020,Feature has not been updated in 5 years or more
867507767,way,last_update,5-11-2020,Feature has not been updated in 5 years or more
867511307,way,last_update,13-1-2021,Feature has not been updated in 5 years or more
867539986,way,last_update,6-11-2020,Feature has not been updated in 5 years or more
867539991,way,last_update,5-11-2020,Feature has not been updated in 5 years or more
867539992,way,last_update,16-11-2020,Feature has not been updated in 5 years or more
867641785,way,last_update,6-11-2020,Feature has not been updated in 5 years or more
867641787,way,last_update,13-1-2021,Feature has not been updated in 5 years or more
867780856,way,last_update,20-7-2021,Feature has not been updated in 5 years or more
867780857,way,last_update,20-7-2021,Feature has not been updated in 5 years or more
868046909,way,last_update,18-11-2020,Feature has not been updated in 5 years or more
868048963,way,last_update,18-11-2020,Feature has not been updated in 5 years or more
868049788,way,last_update,16-11-2020,Feature has not been updated in 5 years or more
868062922,way,last_update,15-11-2020,Feature has not been updated in 5 years or more
868062923,way,last_update,16-11-2020,Feature has not been updated in 5 years or more
868103231,way,last_update,24-12-2020,Feature has not been updated in 5 years or more
868103232,way,last_update,8-11-2020,Feature has not been updated in 5 years or more
868103236,way,last_update,19-11-2020,Feature has not been updated in 5 years or more
868103238,way,last_update,13-1-2021,Feature has not been updated in 5 years or more
868115374,way,last_update,14-11-2020,Feature has not been updated in 5 years or more
868142042,way,last_update,7-11-2020,Feature has not been updated in 5 years or more
868276878,way,last_update,12-11-2020,Feature has not been updated in 5 years or more
868276879,way,last_update,19-11-2020,Feature has not been updated in 5 years or more
868276880,way,last_update,19-11-2020,Feature has not been updated in 5 years or more
868276881,way,last_update,19-11-2020,Feature has not been updated in 5 years or more
868276882,way,last_update,8-11-2020,Feature has not been updated in 5 years or more
868276883,way,last_update,19-11-2020,Feature has not been updated in 5 years or more
868276884,way,last_update,8-11-2020,Feature has not been updated in 5 years or more
868276885,way,last_update,8-11-2020,Feature has not been updated in 5 years or more
868317306,way,last_update,19-11-2020,Feature has not been updated in 5 years or more
868317307,way,last_update,8-11-2020,Feature has not been updated in 5 years or more
868317308,way,last_update,19-11-2020,Feature has not been updated in 5 years or more
868317309,way,last_update,8-11-2020,Feature has not been updated in 5 years or more
868317310,way,last_update,19-11-2020,Feature has not been updated in 5 years or more
868317311,way,last_update,8-11-2020,Feature has not been updated in 5 years or more
868318675,way,last_update,20-7-2021,Feature has not been updated in 5 years or more
869115989,way,last_update,24-12-2020,Feature has not been updated in 5 years or more
869554624,way,last_update,10-11-2020,Feature has not been updated in 5 years or more
869583113,way,last_update,18-11-2020,Feature has not been updated in 5 years or more
869675800,way,last_update,14-1-2021,Feature has not been updated in 5 years or more
870907024,way,last_update,19-2-2021,Feature has not been updated in 5 years or more
871160847,way,last_update,13-11-2020,Feature has not been updated in 5 years or more
871208002,way,last_update,2-6-2021,Feature has not been updated in 5 years or more
871358704,way,last_update,7-12-2020,Feature has not been updated in 5 years or more
871358707,way,last_update,22-11-2020,Feature has not been updated in 5 years or more
871577777,way,last_update,6-3-2021,Feature has not been updated in 5 years or more
871615669,way,last_update,6-3-2021,Feature has not been updated in 5 years or more
871668210,way,last_update,17-11-2020,Feature has not been updated in 5 years or more
871670983,way,last_update,12-1-2021,Feature has not been updated in 5 years or more
871712032,way,last_update,14-11-2020,Feature has not been updated in 5 years or more
871829690,way,last_update,12-1-2021,Feature has not been updated in 5 years or more
871829691,way,last_update,16-11-2020,Feature has not been updated in 5 years or more
871837830,way,last_update,6-3-2021,Feature has not been updated in 5 years or more
871837832,way,last_update,6-3-2021,Feature has not been updated in 5 years or more
871838741,way,last_update,15-11-2020,Feature has not been updated in 5 years or more
871838742,way,last_update,15-11-2020,Feature has not been updated in 5 years or more
871838743,way,last_update,15-11-2020,Feature has not been updated in 5 years or more
871838744,way,last_update,15-11-2020,Feature has not been updated in 5 years or more
871838745,way,last_update,15-11-2020,Feature has not been updated in 5 years or more
871838746,way,last_update,15-11-2020,Feature has not been updated in 5 years or more
871838747,way,last_update,15-11-2020,Feature has not been updated in 5 years or more
871838748,way,last_update,15-11-2020,Feature has not been updated in 5 years or more
871838749,way,last_update,15-11-2020,Feature has not been updated in 5 years or more
871838750,way,last_update,15-11-2020,Feature has not been updated in 5 years or more
871838751,way,last_update,15-11-2020,Feature has not been updated in 5 years or more
871838752,way,last_update,15-11-2020,Feature has not been updated in 5 years or more
871838753,way,last_update,15-11-2020,Feature has not been updated in 5 years or more
871838754,way,last_update,15-11-2020,Feature has not been updated in 5 years or more
871838755,way,last_update,15-11-2020,Feature has not been updated in 5 years or more
871838756,way,last_update,15-11-2020,Feature has not been updated in 5 years or more
871838757,way,last_update,8-5-2021,Feature has not been updated in 5 years or more
871838758,way,last_update,15-11-2020,Feature has not been updated in 5 years or more
871838759,way,last_update,8-5-2021,Feature has not been updated in 5 years or more
871838760,way,last_update,15-11-2020,Feature has not been updated in 5 years or more
871838761,way,last_update,15-11-2020,Feature has not been updated in 5 years or more
871838762,way,last_update,15-11-2020,Feature has not been updated in 5 years or more
871839073,way,last_update,6-3-2021,Feature has not been updated in 5 years or more
871839074,way,last_update,6-3-2021,Feature has not been updated in 5 years or more
871839075,way,last_update,6-3-2021,Feature has not been updated in 5 years or more
871843461,way,last_update,19-11-2020,Feature has not been updated in 5 years or more
871843462,way,last_update,19-11-2020,Feature has not been updated in 5 years or more
871845223,way,last_update,15-11-2020,Feature has not been updated in 5 years or more
871845456,way,last_update,19-11-2020,Feature has not been updated in 5 years or more
871898365,way,last_update,15-11-2020,Feature has not been updated in 5 years or more
871904181,way,last_update,15-11-2020,Feature has not been updated in 5 years or more
871904182,way,last_update,15-11-2020,Feature has not been updated in 5 years or more
871904183,way,last_update,15-11-2020,Feature has not been updated in 5 years or more
871910869,way,last_update,15-11-2020,Feature has not been updated in 5 years or more
871924010,way,last_update,15-11-2020,Feature has not been updated in 5 years or more
871924019,way,last_update,15-11-2020,Feature has not been updated in 5 years or more
871924022,way,last_update,16-11-2020,Feature has not been updated in 5 years or more
872245848,way,last_update,16-11-2020,Feature has not been updated in 5 years or more
872246389,way,last_update,12-1-2021,Feature has not been updated in 5 years or more
872246390,way,last_update,16-11-2020,Feature has not been updated in 5 years or more
872316130,way,last_update,16-11-2020,Feature has not been updated in 5 years or more
872316131,way,last_update,16-11-2020,Feature has not been updated in 5 years or more
872316132,way,last_update,16-11-2020,Feature has not been updated in 5 years or more
872316133,way,last_update,16-11-2020,Feature has not been updated in 5 years or more
872329349,way,last_update,22-11-2020,Feature has not been updated in 5 years or more
872331155,way,last_update,16-11-2020,Feature has not been updated in 5 years or more
872331157,way,last_update,16-11-2020,Feature has not been updated in 5 years or more
872331158,way,last_update,16-11-2020,Feature has not been updated in 5 years or more
872331159,way,last_update,16-11-2020,Feature has not been updated in 5 years or more
872331160,way,last_update,16-11-2020,Feature has not been updated in 5 years or more
872331161,way,last_update,16-11-2020,Feature has not been updated in 5 years or more
872331162,way,last_update,16-11-2020,Feature has not been updated in 5 years or more
872331163,way,last_update,16-11-2020,Feature has not been updated in 5 years or more
872331164,way,last_update,16-11-2020,Feature has not been updated in 5 years or more
872373655,way,last_update,16-11-2020,Feature has not been updated in 5 years or more
872373656,way,last_update,16-11-2020,Feature has not been updated in 5 years or more
872373657,way,last_update,16-11-2020,Feature has not been updated in 5 years or more
872373658,way,last_update,16-11-2020,Feature has not been updated in 5 years or more
872373659,way,last_update,16-11-2020,Feature has not been updated in 5 years or more
872373660,way,last_update,16-11-2020,Feature has not been updated in 5 years or more
872373661,way,last_update,16-11-2020,Feature has not been updated in 5 years or more
872373662,way,last_update,16-11-2020,Feature has not been updated in 5 years or more
872373663,way,last_update,16-11-2020,Feature has not been updated in 5 years or more
872373664,way,last_update,16-11-2020,Feature has not been updated in 5 years or more
872373872,way,last_update,20-11-2020,Feature has not been updated in 5 years or more
872373874,way,last_update,22-11-2020,Feature has not been updated in 5 years or more
872373876,way,last_update,16-11-2020,Feature has not been updated in 5 years or more
872924725,way,last_update,24-12-2020,Feature has not been updated in 5 years or more
872977592,way,last_update,19-11-2020,Feature has not been updated in 5 years or more
873063611,way,last_update,17-11-2020,Feature has not been updated in 5 years or more
873063613,way,last_update,17-11-2020,Feature has not been updated in 5 years or more
873063614,way,last_update,17-11-2020,Feature has not been updated in 5 years or more
873063617,way,last_update,17-11-2020,Feature has not been updated in 5 years or more
873077354,way,last_update,17-11-2020,Feature has not been updated in 5 years or more
873077355,way,last_update,17-11-2020,Feature has not been updated in 5 years or more
873077356,way,last_update,17-11-2020,Feature has not been updated in 5 years or more
873077357,way,last_update,17-11-2020,Feature has not been updated in 5 years or more
873080767,way,last_update,17-11-2020,Feature has not been updated in 5 years or more
873087314,way,last_update,17-11-2020,Feature has not been updated in 5 years or more
873087315,way,last_update,17-11-2020,Feature has not been updated in 5 years or more
873208234,way,last_update,17-11-2020,Feature has not been updated in 5 years or more
873226569,way,last_update,18-11-2020,Feature has not been updated in 5 years or more
873275513,way,last_update,12-1-2021,Feature has not been updated in 5 years or more
874146711,way,last_update,22-11-2020,Feature has not been updated in 5 years or more
874423713,way,last_update,18-11-2020,Feature has not been updated in 5 years or more
874432338,way,last_update,18-11-2020,Feature has not been updated in 5 years or more
874432339,way,last_update,18-11-2020,Feature has not been updated in 5 years or more
874432340,way,last_update,18-11-2020,Feature has not been updated in 5 years or more
874432342,way,last_update,18-11-2020,Feature has not been updated in 5 years or more
874432343,way,last_update,18-11-2020,Feature has not been updated in 5 years or more
874432344,way,last_update,18-11-2020,Feature has not been updated in 5 years or more
874432345,way,last_update,19-11-2020,Feature has not been updated in 5 years or more
874548867,way,last_update,19-11-2020,Feature has not been updated in 5 years or more
874656882,way,last_update,19-11-2020,Feature has not been updated in 5 years or more
874656884,way,last_update,19-11-2020,Feature has not been updated in 5 years or more
874656885,way,last_update,19-11-2020,Feature has not been updated in 5 years or more
874656886,way,last_update,19-11-2020,Feature has not been updated in 5 years or more
874777983,way,last_update,19-11-2020,Feature has not been updated in 5 years or more
874777988,way,last_update,20-11-2020,Feature has not been updated in 5 years or more
874777989,way,last_update,19-11-2020,Feature has not been updated in 5 years or more
874777994,way,last_update,19-11-2020,Feature has not been updated in 5 years or more
874777999,way,last_update,19-11-2020,Feature has not been updated in 5 years or more
874778001,way,last_update,20-11-2020,Feature has not been updated in 5 years or more
874778002,way,last_update,19-11-2020,Feature has not been updated in 5 years or more
875072676,way,last_update,12-1-2021,Feature has not been updated in 5 years or more
875868991,way,last_update,22-11-2020,Feature has not been updated in 5 years or more
875868992,way,last_update,22-11-2020,Feature has not been updated in 5 years or more
875871092,way,last_update,22-11-2020,Feature has not been updated in 5 years or more
879960895,way,last_update,1-12-2020,Feature has not been updated in 5 years or more
879960896,way,last_update,1-12-2020,Feature has not been updated in 5 years or more
879969522,way,last_update,1-12-2020,Feature has not been updated in 5 years or more
882457635,way,last_update,8-12-2020,Feature has not been updated in 5 years or more
894600180,way,last_update,12-1-2021,Feature has not been updated in 5 years or more
894637746,way,last_update,12-1-2021,Feature has not been updated in 5 years or more
894686740,way,last_update,12-1-2021,Feature has not been updated in 5 years or more
894858229,way,last_update,6-3-2021,Feature has not been updated in 5 years or more
894869632,way,last_update,13-1-2021,Feature has not been updated in 5 years or more
894869641,way,last_update,13-1-2021,Feature has not been updated in 5 years or more
894965497,way,last_update,13-1-2021,Feature has not been updated in 5 years or more
894965639,way,last_update,13-1-2021,Feature has not been updated in 5 years or more
894965680,way,last_update,13-1-2021,Feature has not been updated in 5 years or more
894970248,way,last_update,13-1-2021,Feature has not been updated in 5 years or more
894977509,way,last_update,13-1-2021,Feature has not been updated in 5 years or more
894979149,way,last_update,13-3-2021,Feature has not been updated in 5 years or more
894982137,way,last_update,15-1-2021,Feature has not been updated in 5 years or more
894984629,way,last_update,14-1-2021,Feature has not been updated in 5 years or more
894984630,way,last_update,13-1-2021,Feature has not been updated in 5 years or more
894984631,way,last_update,13-1-2021,Feature has not been updated in 5 years or more
894984634,way,last_update,13-1-2021,Feature has not been updated in 5 years or more
894984635,way,last_update,13-1-2021,Feature has not been updated in 5 years or more
894984636,way,last_update,14-1-2021,Feature has not been updated in 5 years or more
895165882,way,last_update,14-1-2021,Feature has not been updated in 5 years or more
895168597,way,last_update,14-1-2021,Feature has not been updated in 5 years or more
895168598,way,last_update,14-1-2021,Feature has not been updated in 5 years or more
895168599,way,last_update,14-1-2021,Feature has not been updated in 5 years or more
895168600,way,last_update,14-1-2021,Feature has not been updated in 5 years or more
895168601,way,last_update,14-1-2021,Feature has not been updated in 5 years or more
895168602,way,last_update,14-1-2021,Feature has not been updated in 5 years or more
895168603,way,last_update,14-1-2021,Feature has not been updated in 5 years or more
895168604,way,last_update,14-1-2021,Feature has not been updated in 5 years or more
895168605,way,last_update,14-1-2021,Feature has not been updated in 5 years or more
895168606,way,last_update,14-1-2021,Feature has not been updated in 5 years or more
895168607,way,last_update,14-1-2021,Feature has not been updated in 5 years or more
895168608,way,last_update,14-1-2021,Feature has not been updated in 5 years or more
895168609,way,last_update,14-1-2021,Feature has not been updated in 5 years or more
895168610,way,last_update,14-1-2021,Feature has not been updated in 5 years or more
895172768,way,last_update,14-1-2021,Feature has not been updated in 5 years or more
895174752,way,last_update,14-1-2021,Feature has not been updated in 5 years or more
895174760,way,last_update,14-1-2021,Feature has not been updated in 5 years or more
895174763,way,last_update,14-1-2021,Feature has not been updated in 5 years or more
895176183,way,last_update,14-1-2021,Feature has not been updated in 5 years or more
895176184,way,last_update,14-1-2021,Feature has not been updated in 5 years or more
895217092,way,last_update,23-8-2021,Feature has not been updated in 5 years or more
895217095,way,last_update,14-1-2021,Feature has not been updated in 5 years or more
895603642,way,last_update,15-1-2021,Feature has not been updated in 5 years or more
895631527,way,last_update,22-2-2021,Feature has not been updated in 5 years or more
895631528,way,last_update,15-1-2021,Feature has not been updated in 5 years or more
895631529,way,last_update,15-1-2021,Feature has not been updated in 5 years or more
896578390,way,last_update,18-1-2021,Feature has not been updated in 5 years or more
898046264,way,last_update,17-4-2021,Feature has not been updated in 5 years or more
898046274,way,last_update,4-4-2021,Feature has not been updated in 5 years or more
898046276,way,last_update,13-3-2021,Feature has not been updated in 5 years or more
898046279,way,last_update,13-3-2021,Feature has not been updated in 5 years or more
898046282,way,last_update,21-8-2021,Feature has not been updated in 5 years or more
898428389,way,last_update,22-1-2021,Feature has not been updated in 5 years or more
898428399,way,last_update,31-1-2021,Feature has not been updated in 5 years or more
898438585,way,last_update,30-3-2021,Feature has not been updated in 5 years or more
898505198,way,last_update,22-1-2021,Feature has not been updated in 5 years or more
898508087,way,last_update,22-1-2021,Feature has not been updated in 5 years or more
898508088,way,last_update,22-1-2021,Feature has not been updated in 5 years or more
898508094,way,last_update,22-1-2021,Feature has not been updated in 5 years or more
898508105,way,last_update,11-3-2021,Feature has not been updated in 5 years or more
900790991,way,last_update,5-2-2021,Feature has not been updated in 5 years or more
900803740,way,last_update,27-1-2021,Feature has not been updated in 5 years or more
900803744,way,last_update,27-1-2021,Feature has not been updated in 5 years or more
900804092,way,last_update,27-1-2021,Feature has not been updated in 5 years or more
900821242,way,last_update,29-1-2021,Feature has not been updated in 5 years or more
900821243,way,last_update,27-1-2021,Feature has not been updated in 5 years or more
900821244,way,last_update,29-1-2021,Feature has not been updated in 5 years or more
900821245,way,last_update,27-1-2021,Feature has not been updated in 5 years or more
900821246,way,last_update,29-1-2021,Feature has not been updated in 5 years or more
900821247,way,last_update,27-1-2021,Feature has not been updated in 5 years or more
900821248,way,last_update,29-1-2021,Feature has not been updated in 5 years or more
900821249,way,last_update,27-1-2021,Feature has not been updated in 5 years or more
900821250,way,last_update,29-1-2021,Feature has not been updated in 5 years or more
900821251,way,last_update,27-1-2021,Feature has not been updated in 5 years or more
900821252,way,last_update,29-1-2021,Feature has not been updated in 5 years or more
900821253,way,last_update,27-1-2021,Feature has not been updated in 5 years or more
900821254,way,last_update,29-1-2021,Feature has not been updated in 5 years or more
900821255,way,last_update,27-1-2021,Feature has not been updated in 5 years or more
900821256,way,last_update,29-1-2021,Feature has not been updated in 5 years or more
900821257,way,last_update,27-1-2021,Feature has not been updated in 5 years or more
900821258,way,last_update,29-1-2021,Feature has not been updated in 5 years or more
900821259,way,last_update,27-1-2021,Feature has not been updated in 5 years or more
900821260,way,last_update,29-1-2021,Feature has not been updated in 5 years or more
900821261,way,last_update,27-1-2021,Feature has not been updated in 5 years or more
900821262,way,last_update,29-1-2021,Feature has not been updated in 5 years or more
900821263,way,last_update,29-1-2021,Feature has not been updated in 5 years or more
900821264,way,last_update,27-1-2021,Feature has not been updated in 5 years or more
900821265,way,last_update,29-1-2021,Feature has not been updated in 5 years or more
900821266,way,last_update,27-1-2021,Feature has not been updated in 5 years or more
900821267,way,last_update,29-1-2021,Feature has not been updated in 5 years or more
900821268,way,last_update,27-1-2021,Feature has not been updated in 5 years or more
900821269,way,last_update,29-1-2021,Feature has not been updated in 5 years or more
901099958,way,last_update,28-1-2021,Feature has not been updated in 5 years or more
901379542,way,last_update,28-1-2021,Feature has not been updated in 5 years or more
903711298,way,last_update,23-8-2021,Feature has not been updated in 5 years or more
904845567,way,last_update,7-2-2021,Feature has not been updated in 5 years or more
904845574,way,last_update,7-2-2021,Feature has not been updated in 5 years or more
904845575,way,last_update,7-2-2021,Feature has not been updated in 5 years or more
904845578,way,last_update,7-2-2021,Feature has not been updated in 5 years or more
912448536,way,last_update,26-3-2021,Feature has not been updated in 5 years or more
912735162,way,last_update,1-8-2021,Feature has not been updated in 5 years or more
912735164,way,last_update,1-8-2021,Feature has not been updated in 5 years or more
912895879,way,last_update,2-3-2021,Feature has not been updated in 5 years or more
919854216,way,last_update,20-3-2021,Feature has not been updated in 5 years or more
919854217,way,last_update,20-3-2021,Feature has not been updated in 5 years or more
921647541,way,last_update,20-5-2021,Feature has not been updated in 5 years or more
921647547,way,last_update,20-5-2021,Feature has not been updated in 5 years or more
922015188,way,last_update,13-5-2021,Feature has not been updated in 5 years or more
922073720,way,last_update,25-3-2021,Feature has not been updated in 5 years or more
922073734,way,last_update,25-3-2021,Feature has not been updated in 5 years or more
922073735,way,last_update,25-3-2021,Feature has not been updated in 5 years or more
922073738,way,last_update,26-3-2021,Feature has not been updated in 5 years or more
922073742,way,last_update,25-3-2021,Feature has not been updated in 5 years or more
922073750,way,last_update,25-3-2021,Feature has not been updated in 5 years or more
922551277,way,last_update,26-3-2021,Feature has not been updated in 5 years or more
922551283,way,last_update,7-6-2021,Feature has not been updated in 5 years or more
922551290,way,last_update,26-3-2021,Feature has not been updated in 5 years or more
922551291,way,last_update,26-3-2021,Feature has not been updated in 5 years or more
922559166,way,last_update,26-3-2021,Feature has not been updated in 5 years or more
922559173,way,last_update,26-3-2021,Feature has not been updated in 5 years or more
922560084,way,last_update,17-5-2021,Feature has not been updated in 5 years or more
923387927,way,last_update,29-3-2021,Feature has not been updated in 5 years or more
923387936,way,last_update,29-3-2021,Feature has not been updated in 5 years or more
923387937,way,last_update,29-3-2021,Feature has not been updated in 5 years or more
923387954,way,last_update,29-3-2021,Feature has not been updated in 5 years or more
923411297,way,last_update,29-3-2021,Feature has not been updated in 5 years or more
923411311,way,last_update,29-3-2021,Feature has not been updated in 5 years or more
923411315,way,last_update,29-3-2021,Feature has not been updated in 5 years or more
923411316,way,last_update,29-3-2021,Feature has not been updated in 5 years or more
923411317,way,last_update,29-3-2021,Feature has not been updated in 5 years or more
923418193,way,last_update,29-3-2021,Feature has not been updated in 5 years or more
923818922,way,last_update,30-3-2021,Feature has not been updated in 5 years or more
923841434,way,last_update,31-3-2021,Feature has not been updated in 5 years or more
923841441,way,last_update,31-3-2021,Feature has not been updated in 5 years or more
923841442,way,last_update,30-3-2021,Feature has not been updated in 5 years or more
923841457,way,last_update,30-3-2021,Feature has not been updated in 5 years or more
924381329,way,last_update,31-3-2021,Feature has not been updated in 5 years or more
924381341,way,last_update,31-3-2021,Feature has not been updated in 5 years or more
924400996,way,last_update,31-3-2021,Feature has not been updated in 5 years or more
924400998,way,last_update,31-3-2021,Feature has not been updated in 5 years or more
924400999,way,last_update,31-3-2021,Feature has not been updated in 5 years or more
924401001,way,last_update,31-3-2021,Feature has not been updated in 5 years or more
924401004,way,last_update,31-3-2021,Feature has not been updated in 5 years or more
924401005,way,last_update,31-3-2021,Feature has not been updated in 5 years or more
924401006,way,last_update,31-3-2021,Feature has not been updated in 5 years or more
924401007,way,last_update,31-3-2021,Feature has not been updated in 5 years or more
927661881,way,last_update,14-4-2021,Feature has not been updated in 5 years or more
927819507,way,last_update,24-4-2021,Feature has not been updated in 5 years or more
928812326,way,last_update,13-5-2021,Feature has not been updated in 5 years or more
928818765,way,last_update,10-4-2021,Feature has not been updated in 5 years or more
928818781,way,last_update,21-4-2021,Feature has not been updated in 5 years or more
928818788,way,last_update,13-4-2021,Feature has not been updated in 5 years or more
930606073,way,last_update,14-4-2021,Feature has not been updated in 5 years or more
930643287,way,last_update,30-4-2021,Feature has not been updated in 5 years or more
930643294,way,last_update,21-5-2021,Feature has not been updated in 5 years or more
930643303,way,last_update,30-4-2021,Feature has not been updated in 5 years or more
932393500,way,last_update,19-4-2021,Feature has not been updated in 5 years or more
932613696,way,last_update,30-4-2021,Feature has not been updated in 5 years or more
932613708,way,last_update,30-4-2021,Feature has not been updated in 5 years or more
932613709,way,last_update,30-4-2021,Feature has not been updated in 5 years or more
933172636,way,last_update,30-4-2021,Feature has not been updated in 5 years or more
933209137,way,last_update,30-4-2021,Feature has not been updated in 5 years or more
933209140,way,last_update,30-4-2021,Feature has not been updated in 5 years or more
933210191,way,last_update,13-5-2021,Feature has not been updated in 5 years or more
933210192,way,last_update,23-4-2021,Feature has not been updated in 5 years or more
935458625,way,last_update,26-4-2021,Feature has not been updated in 5 years or more
936491139,way,last_update,30-4-2021,Feature has not been updated in 5 years or more
936646955,way,last_update,29-4-2021,Feature has not been updated in 5 years or more
936646956,way,last_update,29-4-2021,Feature has not been updated in 5 years or more
936646957,way,last_update,29-4-2021,Feature has not been updated in 5 years or more
936646958,way,last_update,29-4-2021,Feature has not been updated in 5 years or more
936646959,way,last_update,29-4-2021,Feature has not been updated in 5 years or more
936646992,way,last_update,29-4-2021,Feature has not been updated in 5 years or more
936646996,way,last_update,29-4-2021,Feature has not been updated in 5 years or more
937834657,way,last_update,1-5-2021,Feature has not been updated in 5 years or more
940480052,way,last_update,12-5-2021,Feature has not been updated in 5 years or more
940480832,way,last_update,11-5-2021,Feature has not been updated in 5 years or more
940483346,way,last_update,7-5-2021,Feature has not been updated in 5 years or more
940486537,way,last_update,20-5-2021,Feature has not been updated in 5 years or more
940486539,way,last_update,7-5-2021,Feature has not been updated in 5 years or more
940710063,way,last_update,8-5-2021,Feature has not been updated in 5 years or more
940712329,way,last_update,8-5-2021,Feature has not been updated in 5 years or more
941724845,way,last_update,11-5-2021,Feature has not been updated in 5 years or more
941724848,way,last_update,11-5-2021,Feature has not been updated in 5 years or more
941724849,way,last_update,11-5-2021,Feature has not been updated in 5 years or more
941724851,way,last_update,11-5-2021,Feature has not been updated in 5 years or more
941724853,way,last_update,11-5-2021,Feature has not been updated in 5 years or more
941810896,way,last_update,11-5-2021,Feature has not been updated in 5 years or more
941812776,way,last_update,11-5-2021,Feature has not been updated in 5 years or more
942153491,way,last_update,12-5-2021,Feature has not been updated in 5 years or more
942468925,way,last_update,13-5-2021,Feature has not been updated in 5 years or more
942468926,way,last_update,13-5-2021,Feature has not been updated in 5 years or more
942468927,way,last_update,13-5-2021,Feature has not been updated in 5 years or more
942501414,way,last_update,13-5-2021,Feature has not been updated in 5 years or more
942524205,way,last_update,13-5-2021,Feature has not been updated in 5 years or more
942537986,way,last_update,13-5-2021,Feature has not been updated in 5 years or more
942583569,way,last_update,13-5-2021,Feature has not been updated in 5 years or more
943857745,way,last_update,17-5-2021,Feature has not been updated in 5 years or more
943857959,way,last_update,17-5-2021,Feature has not been updated in 5 years or more
943857960,way,last_update,17-5-2021,Feature has not been updated in 5 years or more
943858768,way,last_update,17-5-2021,Feature has not been updated in 5 years or more
943942978,way,last_update,18-5-2021,Feature has not been updated in 5 years or more
943942979,way,last_update,17-5-2021,Feature has not been updated in 5 years or more
943942980,way,last_update,17-5-2021,Feature has not been updated in 5 years or more
943942981,way,last_update,17-5-2021,Feature has not been updated in 5 years or more
943942988,way,last_update,18-5-2021,Feature has not been updated in 5 years or more
943942991,way,last_update,17-5-2021,Feature has not been updated in 5 years or more
943942994,way,last_update,17-5-2021,Feature has not been updated in 5 years or more
943942995,way,last_update,19-5-2021,Feature has not been updated in 5 years or more
943942998,way,last_update,19-5-2021,Feature has not been updated in 5 years or more
943943000,way,last_update,17-5-2021,Feature has not been updated in 5 years or more
943943001,way,last_update,19-5-2021,Feature has not been updated in 5 years or more
943943002,way,last_update,19-5-2021,Feature has not been updated in 5 years or more
943943003,way,last_update,19-5-2021,Feature has not been updated in 5 years or more
943943005,way,last_update,17-5-2021,Feature has not been updated in 5 years or more
943943006,way,last_update,17-5-2021,Feature has not been updated in 5 years or more
943943007,way,last_update,17-5-2021,Feature has not been updated in 5 years or more
943943008,way,last_update,17-5-2021,Feature has not been updated in 5 years or more
943943009,way,last_update,17-5-2021,Feature has not been updated in 5 years or more
943943010,way,last_update,17-5-2021,Feature has not been updated in 5 years or more
943943011,way,last_update,17-5-2021,Feature has not been updated in 5 years or more
943943012,way,last_update,19-5-2021,Feature has not been updated in 5 years or more
943943014,way,last_update,19-5-2021,Feature has not been updated in 5 years or more
943943015,way,last_update,17-5-2021,Feature has not been updated in 5 years or more
943943017,way,last_update,17-5-2021,Feature has not been updated in 5 years or more
943943018,way,last_update,17-5-2021,Feature has not been updated in 5 years or more
943943022,way,last_update,17-5-2021,Feature has not been updated in 5 years or more
943943023,way,last_update,19-5-2021,Feature has not been updated in 5 years or more
943943024,way,last_update,17-5-2021,Feature has not been updated in 5 years or more
943943026,way,last_update,17-5-2021,Feature has not been updated in 5 years or more
944190759,way,last_update,18-5-2021,Feature has not been updated in 5 years or more
944190762,way,last_update,18-5-2021,Feature has not been updated in 5 years or more
944190764,way,last_update,18-5-2021,Feature has not been updated in 5 years or more
944190769,way,last_update,18-5-2021,Feature has not been updated in 5 years or more
944190772,way,last_update,18-5-2021,Feature has not been updated in 5 years or more
944190774,way,last_update,18-5-2021,Feature has not been updated in 5 years or more
944190779,way,last_update,18-5-2021,Feature has not been updated in 5 years or more
944233206,way,last_update,18-5-2021,Feature has not been updated in 5 years or more
944233208,way,last_update,18-5-2021,Feature has not been updated in 5 years or more
944233209,way,last_update,18-5-2021,Feature has not been updated in 5 years or more
944584643,way,last_update,19-5-2021,Feature has not been updated in 5 years or more
944686594,way,last_update,19-5-2021,Feature has not been updated in 5 years or more
944686595,way,last_update,19-5-2021,Feature has not been updated in 5 years or more
944686598,way,last_update,19-5-2021,Feature has not been updated in 5 years or more
944686599,way,last_update,19-5-2021,Feature has not been updated in 5 years or more
944686600,way,last_update,19-5-2021,Feature has not been updated in 5 years or more
944686601,way,last_update,19-5-2021,Feature has not been updated in 5 years or more
944686605,way,last_update,19-5-2021,Feature has not been updated in 5 years or more
944686606,way,last_update,19-5-2021,Feature has not been updated in 5 years or more
944686607,way,last_update,19-5-2021,Feature has not been updated in 5 years or more
944686608,way,last_update,19-5-2021,Feature has not been updated in 5 years or more
944686609,way,last_update,19-5-2021,Feature has not been updated in 5 years or more
944686610,way,last_update,19-5-2021,Feature has not been updated in 5 years or more
944686612,way,last_update,19-5-2021,Feature has not been updated in 5 years or more
944747298,way,last_update,19-5-2021,Feature has not been updated in 5 years or more
944770669,way,last_update,19-5-2021,Feature has not been updated in 5 years or more
944770679,way,last_update,19-5-2021,Feature has not been updated in 5 years or more
944770722,way,last_update,19-5-2021,Feature has not been updated in 5 years or more
944770725,way,last_update,19-5-2021,Feature has not been updated in 5 years or more
945020109,way,last_update,20-5-2021,Feature has not been updated in 5 years or more
945055645,way,last_update,20-5-2021,Feature has not been updated in 5 years or more
945109034,way,last_update,20-5-2021,Feature has not been updated in 5 years or more
945109036,way,last_update,20-5-2021,Feature has not been updated in 5 years or more
945109037,way,last_update,20-5-2021,Feature has not been updated in 5 years or more
945109062,way,last_update,20-5-2021,Feature has not been updated in 5 years or more
945109063,way,last_update,20-5-2021,Feature has not been updated in 5 years or more
945109125,way,last_update,20-5-2021,Feature has not been updated in 5 years or more
946943223,way,last_update,25-5-2021,Feature has not been updated in 5 years or more
948213875,way,last_update,28-5-2021,Feature has not been updated in 5 years or more
951279950,way,last_update,4-6-2021,Feature has not been updated in 5 years or more
951279951,way,last_update,4-6-2021,Feature has not been updated in 5 years or more
951279952,way,last_update,4-6-2021,Feature has not been updated in 5 years or more
951279955,way,last_update,4-6-2021,Feature has not been updated in 5 years or more
951279957,way,last_update,4-6-2021,Feature has not been updated in 5 years or more
951279959,way,last_update,4-6-2021,Feature has not been updated in 5 years or more
951279961,way,last_update,4-6-2021,Feature has not been updated in 5 years or more
951952164,way,last_update,7-6-2021,Feature has not been updated in 5 years or more
951952165,way,last_update,7-6-2021,Feature has not been updated in 5 years or more
951952166,way,last_update,7-6-2021,Feature has not been updated in 5 years or more
954733446,way,last_update,15-6-2021,Feature has not been updated in 5 years or more
955779342,way,last_update,18-6-2021,Feature has not been updated in 5 years or more
955779353,way,last_update,19-6-2021,Feature has not been updated in 5 years or more
955779354,way,last_update,18-6-2021,Feature has not been updated in 5 years or more
957454982,way,last_update,23-6-2021,Feature has not been updated in 5 years or more
957454989,way,last_update,23-6-2021,Feature has not been updated in 5 years or more
957618830,way,last_update,23-6-2021,Feature has not been updated in 5 years or more
957661339,way,last_update,23-6-2021,Feature has not been updated in 5 years or more
957661340,way,last_update,23-6-2021,Feature has not been updated in 5 years or more
957861899,way,last_update,24-6-2021,Feature has not been updated in 5 years or more
957861900,way,last_update,24-6-2021,Feature has not been updated in 5 years or more
957861903,way,last_update,24-6-2021,Feature has not been updated in 5 years or more
957861904,way,last_update,24-6-2021,Feature has not been updated in 5 years or more
957861906,way,last_update,24-6-2021,Feature has not been updated in 5 years or more
957861908,way,last_update,24-6-2021,Feature has not been updated in 5 years or more
957861919,way,last_update,24-6-2021,Feature has not been updated in 5 years or more
959788112,way,last_update,30-6-2021,Feature has not been updated in 5 years or more
959788113,way,last_update,30-6-2021,Feature has not been updated in 5 years or more
962853083,way,last_update,9-7-2021,Feature has not been updated in 5 years or more
965456524,way,last_update,18-7-2021,Feature has not been updated in 5 years or more
965456525,way,last_update,18-7-2021,Feature has not been updated in 5 years or more
965456526,way,last_update,18-7-2021,Feature has not been updated in 5 years or more
970614330,way,last_update,5-8-2021,Feature has not been updated in 5 years or more
970644463,way,last_update,5-8-2021,Feature has not been updated in 5 years or more
970644477,way,last_update,5-8-2021,Feature has not been updated in 5 years or more
970644478,way,last_update,5-8-2021,Feature has not been updated in 5 years or more
970644482,way,last_update,5-8-2021,Feature has not been updated in 5 years or more
970644483,way,last_update,5-8-2021,Feature has not been updated in 5 years or more
970644486,way,last_update,5-8-2021,Feature has not been updated in 5 years or more
970677477,way,last_update,5-8-2021,Feature has not been updated in 5 years or more
970677483,way,last_update,5-8-2021,Feature has not been updated in 5 years or more
971690584,way,last_update,9-8-2021,Feature has not been updated in 5 years or more
971945897,way,last_update,10-8-2021,Feature has not been updated in 5 years or more
973727526,way,last_update,16-8-2021,Feature has not been updated in 5 years or more
973727527,way,last_update,16-8-2021,Feature has not been updated in 5 years or more
